peakLabel,peakID,peakMz,peakMzWidth[ppm],rtmin,rtmax
1,1,151.0605,10,4.65,5.2
2,51,151.02585,10,4.18,4.53
3,6,117.01905,10,0.87,2.5
4,77,137.0354,10,4.3,4.6
5,63,147.0657,10,1.7,4.3

